Column1,시도명,시군구명,읍/면/동,등록인구수,인구밀도,어린이보호구역개수
3,서울특별시,서대문구,남가좌동,47137,0.004725844,10
4,서울특별시,서대문구,북가좌동,51504,0.00516367,6
6,서울특별시,서대문구,북아현동,16956,0.001699969,6
7,서울특별시,서대문구,신촌동,23051,0.002311039,0
8,서울특별시,서대문구,연희동,39105,0.003920575,2
0,서울특별시,서대문구,천연동,18049,0.00180955,4
5,서울특별시,서대문구,충현동,21229,0.002128369,0
2,서울특별시,서대문구,홍은동,51000,0.00511314,8
1,서울특별시,서대문구,홍제동,54921,0.00550625,24
